{"count":1,"gauges":{"RolyPolyBehavior.CumulativeReward":{"count":695,"max":1000,"min":1000,"value":1000,"weightedAverage":1000}},"self":10602.770432,"total":13919.0883516,"children":{"AgentSendState":{"count":695915,"self":3.2481055999999997,"total":3.9925865,"children":{"CollectObservations":{"count":695915,"self":0.744481,"total":0.744481,"children":null}}},"DecideAction":{"count":695915,"self":3079.762944,"total":3079.7629448999996,"children":null},"AgentAct":{"count":695915,"self":232.5616896,"total":232.5616939,"children":null}}}