{"count":1,"gauges":{"BalanceRobot.CumulativeReward":{"count":417067,"max":30,"min":-8,"value":7,"weightedAverage":2.92670965}},"self":3041.2777472,"total":9277.3422632,"children":{"AgentSendState":{"count":1923534,"self":28.5276256,"total":47.866068899999995,"children":{"CollectObservations":{"count":1731186,"self":3.6408831999999998,"total":3.6408829999999996,"children":null},"AgentInfo.ToProto":{"count":1731186,"self":7.8284144,"total":15.697561599999998,"children":{"GenerateSensorData":{"count":1731186,"self":7.8691472,"total":7.8691474999999995,"children":null}}}}},"DecideAction":{"count":1923534,"self":6079.1115776,"total":6079.1117353,"children":null},"AgentAct":{"count":1923534,"self":101.8986944,"total":109.0857484,"children":{"AgentInfo.ToProto":{"count":417067,"self":3.0112115999999998,"total":7.1870511,"children":{"GenerateSensorData":{"count":417067,"self":4.1758391999999995,"total":4.1758394,"children":null}}}}}}}